"","Df","Sum.Sq","Mean.Sq","F.value","Pr..F."
"batter_hand           ",1,19496.8693640489,19496.8693640489,1.37608795602583,0.2443385468088
"push_pull             ",1,7415.96267129853,7415.96267129853,0.523418233140983,0.471551306788493
"pitcher_hand          ",1,23298.0866414651,23298.0866414651,1.64437766018393,0.203523915206308
"push_pull:pitcher_hand",1,129727.417320063,129727.417320063,9.15615390384928,0.00335680624542849
"Residuals             ",78,1105129.80201337,14168.3307950433,NA,NA
