"","batter","pitcher_hand","batter_hand","count","push","pull","dist","push_mean","pull_mean"
"1",427,"L","R",19,11,8,152.022623951721,98.3219730292758,225.861018970084
"2",427,"R","L",1,0,1,42.3592343695794,NA,42.3592343695794
"3",427,"R","R",63,37,26,192.133158987051,218.349308929297,154.825560992316
