"","batter","pitcher_hand","batter_hand","count","push","pull","dist","push_mean","pull_mean"
"1",475,"L","R",31,19,12,101.508854230888,58.0455853679282,170.32569659724
"2",475,"R","R",107,60,47,157.316289421988,150.330903539105,166.233803315029
