"","Df","Sum.Sq","Mean.Sq","F.value","Pr..F."
"push_pull             ",1,51189.0047347484,51189.0047347484,3.03152412387902,0.0839564135432878
"pitcher_hand          ",1,69646.7853318069,69646.7853318069,4.12463401033213,0.0442411141431974
"push_pull:pitcher_hand",1,53410.7548651985,53410.7548651985,3.16310099575984,0.0775875997132959
"Residuals             ",134,2262666.02347844,16885.5673393913,NA,NA
