"","Df","Sum.Sq","Mean.Sq","F.value","Pr..F."
"batter_hand             ",1,89345.5121466832,89345.5121466832,7.32947447560286,0.00782730809299036
"push_pull               ",1,639867.500764944,639867.500764944,52.4916406201222,5.49043304667806e-11
"pitcher_hand            ",1,11687.151736832,11687.151736832,0.958757505435461,0.329573495017216
"batter_hand:pitcher_hand",1,7350.89692873377,7350.89692873377,0.603032095484404,0.439031731998402
"push_pull:pitcher_hand  ",1,5276.93997668136,5276.93997668136,0.432894679756002,0.511898410285161
"Residuals               ",114,1389647.84155062,12189.8933469353,NA,NA
