"","batter","pitcher_hand","batter_hand","count","push","pull","dist","push_mean","pull_mean"
"1",544,"L","L",42,26,16,105.576463402125,57.1645131432519,184.245882572795
"2",544,"L","R",1,0,1,393.157318225796,NA,393.157318225796
"3",544,"R","L",76,39,37,143.960318691661,68.2300524448584,223.784112843696
"4",544,"R","R",1,0,1,293.72513893654,NA,293.72513893654
