"","Df","Sum.Sq","Mean.Sq","F.value","Pr..F."
"push_pull             ",1,260264.338960833,260264.338960833,16.9693807258029,5.67632164736579e-05
"pitcher_hand          ",1,37049.887599846,37049.887599846,2.41567343048333,0.121799206633298
"push_pull:pitcher_hand",1,7355.79085262735,7355.79085262735,0.479601685025303,0.48945280571141
"Residuals             ",189,2898748.09566864,15337.2915114743,NA,NA
