"","batter","pitcher_hand","batter_hand","count","push","pull","dist","push_mean","pull_mean"
"1",586,"L","R",56,29,27,107.810332681286,63.5164281572198,155.385267170099
"2",586,"R","R",137,66,71,140.975351454701,107.473210664686,172.118186555278
